,header,pub_time,url
0,“灾”字当选日本2018年度汉字,12-12 20:54,http://www.chinanews.com/gj/2018/12-12/8700108.shtml
1,中方援助柬埔寨20台大巴“流动诊所”在金边移交,12-12 20:53,http://www.chinanews.com/gj/2018/12-12/8700085.shtml
2,柬埔寨警察总署：在境内犯罪被捕外国人超千人,12-12 20:52,http://www.chinanews.com/gj/2018/12-12/8700084.shtml
3,气候谈判的忧与喜,12-12 20:42,http://www.chinanews.com/gj/2018/12-12/8700106.shtml
4,英首相出席议会“首相问答”环节 坚持“脱欧”立场,12-12 20:29,http://www.chinanews.com/gj/2018/12-12/8700100.shtml
5,“灾”字当选日本2018年度汉字,12-12 20:20,http://www.chinanews.com/gj/2018/12-12/8700094.shtml
6,美陪审团欲判“白人至上”骚乱驾车撞人者419年,12-12 20:18,http://www.chinanews.com/gj/2018/12-12/8700092.shtml
7,第14届中国人日语作文大赛在北京举行,12-12 20:00,http://www.chinanews.com/gj/2018/12-12/8700064.shtml
8,俄方：美国务卿对俄战机飞抵委内瑞拉的表态极为不妥,12-12 19:50,http://www.chinanews.com/gj/2018/12-12/8700058.shtml
9,中国常驻联合国副代表呼吁促进海洋可持续发展,12-12 19:50,http://www.chinanews.com/gj/2018/12-12/8700057.shtml
10,中澳工商界纪念中国改革开放40年,12-12 19:11,http://www.chinanews.com/gj/2018/12-12/8700011.shtml
