,classes_name,header,news_url,pubtime
0,天下,加拿大人掀起拒买美货运动 可超市满是邻国商品难以抵制,https://www.jiemian.com/article/2372438.html,2018-08-08 20:58:16
1,天下,纳吉布被加控三项洗钱罪 最高将面临15年监禁,https://www.jiemian.com/article/2372409.html,2018-08-08 20:58:16
2,天下,IMF首席经济学家：美国以加征关税削减贸易逆差是误入歧途,https://www.jiemian.com/article/2371960.html,2018-08-08 20:58:16
3,天下,印尼地震死亡人数升至131人 搜救行动仍继续,https://www.jiemian.com/article/2371646.html,2018-08-08 20:58:16
4,天下,美国业界反对特朗普政府再对160亿美元中国商品加征关税,https://www.jiemian.com/article/2371751.html,2018-08-08 20:58:16
5,天下,特朗普要企业美伊二选一 欧盟：听他的就制裁你！,https://www.jiemian.com/article/2371216.html,2018-08-08 20:58:16
6,天下,美国加州遭遇史上最大山火 两周过火面积堪比一个洛杉矶,https://www.jiemian.com/article/2371558.html,2018-08-08 20:58:16
7,天下,沙特加码“惩罚”力度 加拿大求助阿联酋英国欲化解争端,https://www.jiemian.com/article/2371536.html,2018-08-08 20:58:16
8,中国,生态环境部：全国饮用水源地发现环境问题6426个 生活面源污染最多,https://www.jiemian.com/article/2372634.html,2018-08-08 20:58:16
9,中国,生态环境部通报“水十条”落实情况：广东漏报多家工业园区,https://www.jiemian.com/article/2372602.html,2018-08-08 20:58:16
10,中国,党中央、国务院邀请优秀专家人才代表北戴河休假侧记,https://www.jiemian.com/article/2372585.html,2018-08-08 20:58:16
11,中国,深度揭秘低价游：商品售价是进价的100多倍 购物回扣最高达90％,https://www.jiemian.com/article/2372514.html,2018-08-08 20:58:16
12,中国,【界面晚报】五部委下发降低企业杠杆率工作要点 印尼地震死亡人数升至131人,https://www.jiemian.com/article/2372346.html,2018-08-08 20:58:16
13,中国,民政部：11家互联网募捐平台上半年总筹款额超过9.8亿元,https://www.jiemian.com/article/2372135.html,2018-08-08 20:58:16
14,中国,地方新闻精选| 厦门捣毁多个“冒充美女卖茶叶”窝点 警方：面对美色诱惑要提高警惕,https://www.jiemian.com/article/2371979.html,2018-08-08 20:58:16
15,中国,男孩骑ofo被撞身亡巨额索赔案开庭 原告律师：只要认定被告责任判赔多少都接受,https://www.jiemian.com/article/2372114.html,2018-08-08 20:58:16
